<?xml version="1.0" encoding="UTF-8"?>
<metadata><idinfo><citation><citeinfo><origin>U.S. Department of Commerce, U.S. Census Bureau, Geography Division/Cartographic Products Branch</origin><pubdate>201404</pubdate><title>OpenDemoland_WGS84</title><geoform>vector digital data</geoform><serinfo><sername>Cartographic Boundary Files</sername><issue>2013</issue></serinfo><onlink>http://www2.census.gov/geo/tiger/GENZ2013/COUNTY/cb_2013_us_county_5m.zip</onlink></citeinfo></citation><descript><abstract>The source of this shapefile is the Census 2013 cartographic boundary shapefiles, which are simplified representations of selected geographic areas from the U.S. Census Bureau's Master Address File / Topologically Integrated Geographic Encoding and Referencing (MAF/TIGER) Database (MTDB). The attributes were stripped and replaced with fictional geographic attributes. Furthermore, to enhance the fiction, the geographic entity was located to the Atlantic Ocean.</abstract><purpose>This file was originally created to support small-scale thematic mapping of Census data. The boundaries were generalized from more detailed TIGER/Line Shapefiles. The boundaries were further generalized and altered to support the mapping of a fictional place named Demoland, which has served as a training tool for DHIS2, specifically PEPFAR's adaptation of DHIS2, DATIM.</purpose></descript><timeperd><timeinfo><rngdates><begdate>201404</begdate><enddate>201404</enddate></rngdates></timeinfo><current>publication date</current></timeperd><status><progress>Complete</progress><update>None planned.  No changes or updates will be made to this version of the cartographic boundary files.  New versions of the cartographic boundary files will be produced on an annual release schedule.  Types of geography released may vary from year to year.</update></status><spdom><bounding><westbc>172.000000</westbc><eastbc>-65.221527</eastbc><northbc>71.342941</northbc><southbc>-14.605210
</southbc></bounding></spdom><keywords><theme><themekt>None</themekt><themekey>2013</themekey><themekey>Cartographic Boundary</themekey><themekey>Generalized</themekey><themekey>Shapefile</themekey><themekey>State</themekey></theme><theme><themekt>ISO 19115 Topic Categories</themekt><themekey>Boundaries</themekey></theme><place><placekt>INCITS 38:2009</placekt><placekey>United States</placekey><placekey>US</placekey></place></keywords><accconst>None</accconst><useconst>The intended display scale for this file is 1:5,000,000.  This file should not be displayed at scales larger than 1:5,000,000.

These products are free to use in a product or publication, however acknowledgement must be given to the U.S. Census Bureau as the source.  The boundary information is for visual display at appropriate small scales only.  Cartographic boundary files should not be used for geographic analysis including area or perimeter calculation.  Files should not be used for geocoding addresses.  Files should not be used for determining precise geographic area relationships.</useconst><ptcontac><cntinfo><cntorgp><cntorg>U.S. Department of Commerce, U.S. Census Bureau, Geography Division</cntorg></cntorgp><cntaddr><addrtype>mailing</addrtype><address>4600 Silver Hill Road</address><city>Washington</city><state>DC</state><postal>20233-7400</postal><country>United States</country></cntaddr><cntvoice>301.763.1128</cntvoice><cntfax>301.763.4710</cntfax><cntemail>geo.geography@census.gov</cntemail></cntinfo></ptcontac></idinfo><dataqual><attracc><attraccr>Accurate against American National Standards Institute (ANSI) Publication INCITS 446-2008 (Geographic Names Information System (GNIS)) at the 100% level for the codes and base names present in the file.  The remaining attribute information has been examined but has not been fully tested for accuracy.</attraccr></attracc><logic>The Census Bureau performed automated tests to ensure logical consistency of the source database.  Segments making up the outer and inner boundaries of a polygon tie end-to-end to completely enclose the area.  All polygons were tested for closure. The Census Bureau uses its internally developed geographic update system to enhance and modify spatial and attribute data in the Census MAF/TIGER database.  Standard geographic codes, such as FIPS codes for states, counties, municipalities, county subdivisions, places, American Indian/Alaska Native/Native Hawaiian areas, and congressional districts are used when encoding spatial entities.  The Census Bureau performed spatial data tests for logical consistency of the codes during the compilation of the original Census MAF/TIGER database files.  Feature attribute information has been examined but has not been fully tested for consistency.  

For the cartographic boundary shapefiles, the Point and Vector Object Count for the G-polygon SDTS Point and Vector Object Type reflects the number of records in the shapefile attribute table.  For multi-polygon features, only one attribute record exists for each multi-polygon rather than one attribute record per individual G-polygon component of the multi-polygon feature.  TIGER/Line Shapefile multi-polygons are an exception to the G-polygon object type classification.  Therefore, when multi-polygons exist in a shapefile, the object count will be less than the actual number of G-polygons.</logic><complete>The cartographic boundary files are generalized representations of extracts taken from the MAF/TIGER Database. Generalized boundary files are clipped to a simplified version of the U.S. outline. As a result, some off-shore areas may be excluded from the generalized files. Some small holes or discontiguous parts of areas are not included in generalized files.</complete><posacc><horizpa><horizpar>Data are not accurate.  Data are generalized representations of geographic boundaries at 1:5,000,000.</horizpar></horizpa></posacc><lineage><srcinfo><srccite><citeinfo><origin>U.S. Department of Commerce, U.S. Census Bureau, Geography Division</origin><pubdate>unpublished material</pubdate><title>Census MAF/TIGER database</title></citeinfo></srccite><typesrc>Geo-spatial Relational Database</typesrc><srctime><timeinfo><rngdates><begdate>20130101</begdate><enddate>20130101</enddate></rngdates></timeinfo><srccurr>The dates describe the effective date of 2013 cartographic boundaries.</srccurr></srctime><srccitea>MAF/TIGER</srccitea><srccontr>All spatial and feature data</srccontr></srcinfo><procstep><procdesc>Spatial data were extracted from the MAF/TIGER database and processed through a U.S. Census Bureau batch generalization system.</procdesc><srcused>MAF/TIGER</srcused><procdate>201404</procdate></procstep></lineage></dataqual><spdoinfo><indspref>INCITS (formerly FIPS) codes.</indspref><direct>Vector</direct><ptvctinf><esriterm Name="Demoland_Districts"><efeatyp Sync="TRUE">Simple</efeatyp><efeageom code="4" Sync="TRUE"></efeageom><esritopo Sync="TRUE">FALSE</esritopo><efeacnt Sync="TRUE">0</efeacnt><spindex Sync="TRUE">FALSE</spindex><linrefer Sync="TRUE">FALSE</linrefer></esriterm></ptvctinf></spdoinfo><spref><horizsys><geograph><latres>0.000458</latres><longres>0.000458</longres><geogunit>Decimal degrees</geogunit></geograph><geodetic><horizdn>North American Datum of 1983</horizdn><ellips>Geodetic Reference System 80</ellips><semiaxis>6378137.000000</semiaxis><denflat>298.257222</denflat></geodetic></horizsys></spref><eainfo><detailed Name="Demoland_Districts"><enttyp><enttypl>cb_2013_us_county_5m.shp</enttypl><enttypd>Current County and Equivalent National entities</enttypd><enttypds>U.S. Census Bureau</enttypds><enttypt Sync="TRUE">Feature Class</enttypt><enttypc Sync="TRUE">0</enttypc></enttyp><attr><attrlabl Sync="TRUE">FID</attrlabl><attalias Sync="TRUE">FID</attalias><attrtype Sync="TRUE">OID</attrtype><attwidth Sync="TRUE">4</attwidth><atprecis Sync="TRUE">0</atprecis><attscale Sync="TRUE">0</attscale><attrdef Sync="TRUE">Internal feature number.</attrdef><attrdefs Sync="TRUE">Esri</attrdefs><attrdomv><udom Sync="TRUE">Sequential unique whole numbers that are automatically generated.</udom></attrdomv></attr><attr><attrlabl Sync="TRUE">Shape</attrlabl><attalias Sync="TRUE">Shape</attalias><attrtype Sync="TRUE">Geometry</attrtype><attwidth Sync="TRUE">0</attwidth><atprecis Sync="TRUE">0</atprecis><attscale Sync="TRUE">0</attscale><attrdef Sync="TRUE">Feature geometry.</attrdef><attrdefs Sync="TRUE">Esri</attrdefs><attrdomv><udom Sync="TRUE">Coordinates defining the features.</udom></attrdomv></attr><attr><attrlabl Sync="TRUE">Region</attrlabl><attalias Sync="TRUE">Region</attalias><attrtype Sync="TRUE">String</attrtype><attwidth Sync="TRUE">50</attwidth><atprecis Sync="TRUE">0</atprecis><attscale Sync="TRUE">0</attscale></attr><attr><attrlabl Sync="TRUE">Country</attrlabl><attalias Sync="TRUE">Country</attalias><attrtype Sync="TRUE">String</attrtype><attwidth Sync="TRUE">50</attwidth><atprecis Sync="TRUE">0</atprecis><attscale Sync="TRUE">0</attscale></attr><attr><attrlabl Sync="TRUE">Dist_name</attrlabl><attalias Sync="TRUE">Dist_name</attalias><attrtype Sync="TRUE">String</attrtype><attwidth Sync="TRUE">50</attwidth><atprecis Sync="TRUE">0</atprecis><attscale Sync="TRUE">0</attscale></attr><attr><attrlabl Sync="TRUE">Shape_Leng</attrlabl><attalias Sync="TRUE">Shape_Leng</attalias><attrtype Sync="TRUE">Double</attrtype><attwidth Sync="TRUE">19</attwidth><atprecis Sync="TRUE">0</atprecis><attscale Sync="TRUE">0</attscale></attr><attr><attrlabl Sync="TRUE">Shape_Area</attrlabl><attalias Sync="TRUE">Shape_Area</attalias><attrtype Sync="TRUE">Double</attrtype><attwidth Sync="TRUE">19</attwidth><atprecis Sync="TRUE">0</atprecis><attscale Sync="TRUE">0</attscale><attrdef Sync="TRUE">Area of feature in internal units squared.</attrdef><attrdefs Sync="TRUE">Esri</attrdefs><attrdomv><udom Sync="TRUE">Positive real numbers that are automatically generated.</udom></attrdomv></attr></detailed></eainfo><distinfo><distrib><cntinfo><cntorgp><cntorg>U.S. Department of Commerce, U.S. Census Bureau, Geography Division</cntorg></cntorgp><cntaddr><addrtype>mailing</addrtype><address>4600 Silver Hill Road</address><city>Washington</city><state>DC</state><postal>20233-7400</postal><country>United States</country></cntaddr><cntvoice>301.763.1128</cntvoice><cntemail>geo.geography@census.gov</cntemail></cntinfo></distrib><distliab>No warranty, expressed or implied is made with regard to the accuracy of these data, and no liability is assumed by the U.S. Government in general or the U.S. Census Bureau in specific as to the spatial or attribute accuracy of the data.  The act of distribution shall not constitute any such warranty and no responsibility is assumed by the U.S. government in the use of these files.  The boundary information is for small-scale mapping purposes only; boundary depiction and designation for small-scale mapping purposes do not constitute a determination of jurisdictional authority or rights of ownership or entitlement and they are not legal land descriptions.</distliab><stdorder><digform><digtinfo><formname>SHP (compressed)</formname><filedec>The files were compressed using Linux-based Info-ZIP Zip 2.32. Files can be decompressed with PK-ZIP, version 1.93A or higher, WinZip or other decompression software packages.</filedec></digtinfo><digtopt><onlinopt><computer><networka><networkr>http://www.census.gov/geo/maps-data/data/tiger.html</networkr></networka></computer></onlinopt></digtopt></digform><fees>The online cartographic boundary files may be downloaded without charge.</fees></stdorder><techpreq>The cartographic boundary files contain geographic data only and do not include display mapping software or statistical data.  For information on how to use cartographic boundary file data with specific software package users shall contact the company that produced the software</techpreq></distinfo><metainfo><metd>201404</metd><metc><cntinfo><cntorgp><cntorg>U.S. Department of Commerce, U.S. Census Bureau, Geography Division/Cartographic Products Branch</cntorg></cntorgp><cntaddr><addrtype>mailing</addrtype><address>4600 Silver Hill Road</address><city>Washington</city><state>DC</state><postal>20233-7400</postal><country>United States</country></cntaddr><cntvoice>301.763.1128</cntvoice><cntfax>301.763.4710</cntfax><cntemail>geo.geography@census.gov</cntemail></cntinfo></metc><metstdn>Content Standard for Digital Geospatial Metadata</metstdn><metstdv>FGDC-STD-001-1998</metstdv></metainfo><Esri><CreaDate>20180326</CreaDate><CreaTime>15500900</CreaTime><ArcGISFormat>1.0</ArcGISFormat><ArcGISstyle>ISO 19139 Metadata Implementation Specification</ArcGISstyle><SyncOnce>FALSE</SyncOnce><DataProperties><itemProps><itemName Sync="TRUE">Demoland_Districts</itemName><imsContentType Sync="TRUE">002</imsContentType><itemSize Sync="TRUE">0.000</itemSize><itemLocation><linkage Sync="TRUE">file://\\CPC15-013\C$\Users\bwilkes\OneDrive - University of North Carolina at Chapel Hill\Desktop\GIS\SQUAD_QGIS\sample data\Demoland_Districts</linkage><protocol Sync="TRUE">Local Area Network</protocol></itemLocation><nativeExtBox><westBL Sync="TRUE">-45.519883</westBL><eastBL Sync="TRUE">-44.191189</eastBL><southBL Sync="TRUE">29.720719</southBL><northBL Sync="TRUE">31.172872</northBL><exTypeCode Sync="TRUE">1</exTypeCode></nativeExtBox></itemProps><coordRef><type Sync="TRUE">Geographic</type><geogcsn Sync="TRUE">GCS_WGS_1984</geogcsn><csUnits Sync="TRUE">Angular Unit: Degree (0.017453)</csUnits><peXml Sync="TRUE">&lt;GeographicCoordinateSystem xsi:type='typens:GeographicCoordinateSystem' xmlns:xsi='http://www.w3.org/2001/XMLSchema-instance' xmlns:xs='http://www.w3.org/2001/XMLSchema' xmlns:typens='http://www.esri.com/schemas/ArcGIS/10.4'&gt;&lt;WKT&gt;GEOGCS[&amp;quot;GCS_WGS_1984&amp;quot;,DATUM[&amp;quot;D_WGS_1984&amp;quot;,SPHEROID[&amp;quot;WGS_1984&amp;quot;,6378137.0,298.257223563]],PRIMEM[&amp;quot;Greenwich&amp;quot;,0.0],UNIT[&amp;quot;Degree&amp;quot;,0.0174532925199433],AUTHORITY[&amp;quot;EPSG&amp;quot;,4326]]&lt;/WKT&gt;&lt;XOrigin&gt;-400&lt;/XOrigin&gt;&lt;YOrigin&gt;-400&lt;/YOrigin&gt;&lt;XYScale&gt;11258999068426.238&lt;/XYScale&gt;&lt;ZOrigin&gt;-100000&lt;/ZOrigin&gt;&lt;ZScale&gt;10000&lt;/ZScale&gt;&lt;MOrigin&gt;-100000&lt;/MOrigin&gt;&lt;MScale&gt;10000&lt;/MScale&gt;&lt;XYTolerance&gt;8.983152841195215e-009&lt;/XYTolerance&gt;&lt;ZTolerance&gt;0.001&lt;/ZTolerance&gt;&lt;MTolerance&gt;0.001&lt;/MTolerance&gt;&lt;HighPrecision&gt;true&lt;/HighPrecision&gt;&lt;LeftLongitude&gt;-180&lt;/LeftLongitude&gt;&lt;WKID&gt;4326&lt;/WKID&gt;&lt;LatestWKID&gt;4326&lt;/LatestWKID&gt;&lt;/GeographicCoordinateSystem&gt;</peXml></coordRef><lineage><Process ToolSource="c:\program files (x86)\arcgis\desktop10.1\ArcToolbox\Toolboxes\Cartography Tools.tbx\SimplifyPolygon" Date="20141216" Time="091528" Name="" export="">SimplifyPolygon CensusDemoland X:\WorkingProducts\Demoland_OpenDemoLand\GIS\Data\CensusDemolandSimplifyOneKmBS.shp BEND_SIMPLIFY "1 Kilometers" "0 Unknown" NO_CHECK KEEP_COLLAPSED_POINTS</Process><Process ToolSource="c:\program files (x86)\arcgis\desktop10.1\ArcToolbox\Toolboxes\Data Management Tools.tbx\Project" Date="20141216" Time="122000" Name="" export="">Project OpenDemoland X:\WorkingProducts\Demoland_OpenDemoLand\GIS\Data\OpenDemoland_WGS84.shp GEOGCS['GCS_WGS_1984',DATUM['D_WGS_1984',SPHEROID['WGS_1984',6378137.0,298.257223563]],PRIMEM['Greenwich',0.0],UNIT['Degree',0.0174532925199433],METADATA['World',-180.0,-90.0,180.0,90.0,0.0,0.0174532925199433,0.0,1262]] WGS_1984_(ITRF00)_To_NAD_1983 GEOGCS['GCS_North_American_1983',DATUM['D_North_American_1983',SPHEROID['GRS_1980',6378137.0,298.257222101]],PRIMEM['Greenwich',0.0],UNIT['Degree',0.0174532925199433],METADATA['North America - NAD83',167.65,14.93,-47.74,86.45,0.0,0.0174532925199433,0.0,1350]]</Process><Process ToolSource="c:\program files (x86)\arcgis\desktop10.4\ArcToolbox\Toolboxes\Data Management Tools.tbx\CalculateField" Date="20170810" Time="125313">CalculateField Regions_DL Dist_name [NAME] VB #</Process></lineage><copyHistory><copy source="C:\Users\bwilkes\OneDrive - University of North Carolina at Chapel Hill\Desktop\GIS\SQUAD_QGIS\sample data shapefiles\Demoland_Districts" dest="\\CPC15-013\C$\Users\bwilkes\OneDrive - University of North Carolina at Chapel Hill\Desktop\GIS\SQUAD_QGIS\sample data\Demoland_Districts" date="20180326" time="15500900"/></copyHistory></DataProperties><SyncDate>20180321</SyncDate><SyncTime>15420200</SyncTime><ModDate>20180321</ModDate><ModTime>15420200</ModTime><scaleRange><minScale>150000000</minScale><maxScale>5000</maxScale></scaleRange><ArcGISProfile>ItemDescription</ArcGISProfile></Esri><dataIdInfo><envirDesc Sync="TRUE"> Version 6.2 (Build 9200) ; Esri ArcGIS 10.4.1.5686</envirDesc><dataLang><languageCode value="eng" Sync="TRUE"/><countryCode value="USA" Sync="TRUE"/></dataLang><idCitation><resTitle Sync="TRUE">Demoland_Districts</resTitle><presForm><PresFormCd value="005" Sync="TRUE"/></presForm></idCitation><spatRpType><SpatRepTypCd value="001" Sync="TRUE"/></spatRpType><dataExt><geoEle xmlns=""><GeoBndBox esriExtentType="search"><exTypeCode Sync="TRUE">1</exTypeCode><westBL Sync="TRUE">-45.519883</westBL><eastBL Sync="TRUE">-44.191189</eastBL><northBL Sync="TRUE">31.172872</northBL><southBL Sync="TRUE">29.720719</southBL></GeoBndBox></geoEle></dataExt><idPurp>This file was originally created to support small-scale thematic mapping of Census data. The boundaries were generalized from more detailed TIGER/Line Shapefiles. The boundaries were further generalized and altered to support the mapping of a fictional place named Demoland, which has served as a training tool for DHIS2, specifically PEPFAR's adaptation of DHIS2, DATIM.</idPurp><idAbs>&lt;DIV STYLE="text-align:Left;"&gt;&lt;DIV&gt;&lt;DIV&gt;&lt;P&gt;&lt;SPAN&gt;The source of this shapefile is the Census 2013 cartographic boundary shapefiles, which are simplified representations of selected geographic areas from the U.S. Census Bureau's Master Address File / Topologically Integrated Geographic Encoding and Referencing (MAF/TIGER) Database (MTDB). The attributes were stripped and replaced with fictional geographic attributes. Furthermore, to enhance the fiction, the geographic entity was located to the Atlantic Ocean.&lt;/SPAN&gt;&lt;/P&gt;&lt;P /&gt;&lt;/DIV&gt;&lt;/DIV&gt;&lt;/DIV&gt;</idAbs><searchKeys><keyword>2013</keyword><keyword>Cartographic Boundary</keyword><keyword>Generalized</keyword><keyword>Shapefile</keyword><keyword>Fiction</keyword><keyword>Boundaries</keyword></searchKeys><resConst><Consts><useLimit>&lt;DIV STYLE="text-align:Left;"&gt;&lt;DIV&gt;&lt;DIV&gt;&lt;P&gt;&lt;SPAN&gt;Demoland as well as the source product is free to use in a subsequent product or publication, however acknowledgement must be given to the U.S. Census Bureau as the source.&lt;/SPAN&gt;&lt;/P&gt;&lt;/DIV&gt;&lt;/DIV&gt;&lt;/DIV&gt;</useLimit></Consts></resConst></dataIdInfo><mdLang><languageCode value="eng" Sync="TRUE"/><countryCode value="USA" Sync="TRUE"/></mdLang><mdChar><CharSetCd value="006" Sync="TRUE"/></mdChar><distInfo><distFormat><formatName Sync="TRUE">Shapefile</formatName></distFormat><distTranOps><transSize Sync="TRUE">0.000</transSize></distTranOps></distInfo><mdHrLv><ScopeCd value="005" Sync="TRUE"/></mdHrLv><mdHrLvName Sync="TRUE">dataset</mdHrLvName><refSysInfo><RefSystem><refSysID><identCode code="4326" Sync="TRUE"/><idCodeSpace Sync="TRUE">EPSG</idCodeSpace><idVersion Sync="TRUE">6.14(3.0.1)</idVersion></refSysID></RefSystem></refSysInfo><spatRepInfo><VectSpatRep><geometObjs Name="Demoland_Districts"><geoObjTyp><GeoObjTypCd value="002" Sync="TRUE"></GeoObjTypCd></geoObjTyp><geoObjCnt Sync="TRUE">0</geoObjCnt></geometObjs><topLvl><TopoLevCd value="001" Sync="TRUE"></TopoLevCd></topLvl></VectSpatRep></spatRepInfo><mdDateSt Sync="TRUE">20180321</mdDateSt></metadata>
