NAME,Region,Country,Long_X,Lat_Y,District,UID
Robin,Animal,Demoland,-44.89533611730,30.86118355340,Bird,dc6cba704964
Hawk,Animal,Demoland,-45.01422905090,30.81785074000,Bird,437ef5aa687a
Pigeon,Animal,Demoland,-44.70000000000,31.13618070930,Bird,8e52d1290c31
Woodpecker,Animal,Demoland,-44.74283078150,31.00000000000,Bird,4c2c62e984ee
Crow,Animal,Demoland,-45.04645066750,30.90451645490,,7c55d0a02f16
Parrot,Animall,Demoland,-44.81005638280,30.75396183680,Bird,60bd9e0f0e34
Ostrich,Animal,Demoland,-45.05256077720,31.00701527390,Bird,c3023ba971c7
Cardinal,Animal,Demoland,0.00000000000,31.00729348090,Bird,942843dc4a91
Owl,Animal,Demoland,-44.89894643720,31.10840299970,Bird,4d61a7e24a36
Peacock,Animal,Demoland,-45.03200785190,30.75812912800,Bird,4c73d59702b0
Poodle,Animal,Demoland,-45.28621200000,30.86211300000,Insect,73e3a13c4f29
Great Dane,Animal,Demoland,-45.34701256830,31.00367996030,Dog,396c52b03355
Pug,Animal,Demoland,-45.34506796570,30.97784705560,Dog,2921f9c2c4e5
Hound,Animal,Demoland,-45.49368301150,30.97479074840,Dog,3a67f8370789
Golden Retriever,Animal,Demoland,-45.37062366580,30.87645963540,Dog,23e7dd4eed25
Dalmatian,Animal,Demoland,-45.37951347890,31.01062416020,Dog,658e9491a36f
Bulldog,Animal,Demoland,-45.49777720930,30.92981643980,Dog,498b6d33afa9
Beagle,Animal,Demoland,-45.45479380730,31.07645596920,,7938f0ef1f0a
Laborador Retriever,Animal,Demoland,-45.36340156790,30.93284774630,Dog,6335ab1c2274
Doberman Pinscher,Animal,Demoland,-45.32590045290,30.88000000000,Dog,6a511d86183b
Apple,Food,Demoland,-44.96511913490,30.38335481610,Fruit,af0dd3fd818d
Orange,Food,Demoland,-44.98783371260,30.41424396460,Fruit,f703ace78f02
Banana,Food,Demoland,-44.99588971710,30.44063276930,Fruit,c496c18eadab
Peach,Food,Demoland,-44.96060989840,30.33563315080,Fruit,2a3a0cd827ae
Pear,Food,Demoland,-44.99088880970,30.36118855430,Dinner,0209168b71ae
Lemon,Food,Demoland,-44.93199748630,30.29118884350,Fruit,a4aad4ed5258
Cherry,Animal,Demoland,-44.96755691510,30.53285418810,Fruit,0affd45dcbba
Strawberry,Food,Demoland,0.00000000000,30.49591018060,Fruit,ff186dbb53d4
Blueberry,Food,Demoland,-45.05589434940,30.62646410200,Fruit,3b55bbc5d3d4
Pineapple,Food,Demoland,-45.03644813810,30.55507608930,Fruit,c726dc29fa05
Moth,Animal,Demoland,-45.28645432650,30.70229620630,Insect,9f80b1a9e8e0
Worm,Animal,Demoland,-45.24006400720,30.63674149590,Insect,bca2d7d3191d
Honeybee,Animal,Demoland,-45.25173111450,30.68563010470,Insect,8a47e5fc1d5d
Cockroach,Animal,Demoland,-45.49479268910,30.67923919280,Insect,ef344f6aee38
Butterfly,Animal,Demoland,-45.33840024850,30.78007261870,Insect,c3a3d98c1eaf
Spider,Animal,Demoland,-45.32923344820,30.81396102550,Insect,41f496feeedd
Fly,Animal,Demoland,-45.47284787630,30.59924037860,Insect,dabc65c4eedc
Mosquito,Animal,Demoland,-45.44645817070,30.63257348610,Insect,4871c241d17e
Grasshopper,Animal,Demoland,-45.29589903150,30.73035151120,Insect,ad0730af11b7
Beetle,Animal,Demoland,-45.28006471670,30.59896378700,Insect,cfd84299a0af
Potato,Food,Demoland,-44.74115671740,30.15396922530,Vegetable,c6fc9a918f26
Carrot,Food,Demoland,-44.36559441020,30.27980066530,Vegetable,3a4c30e73648
Celery,Food,Demoland,-44.69726760700,30.19730143550,Vegetable,a7925165f3a5
Broccoli,Food,Demoland,-44.69726760700,30.19730143550,Vegetable,7dd835c4839c
Asparagus,Food,Demoland,-44.46309583470,30.20091224610,Vegetable,c01c334ef863
Onion,Food,Demoland,-44.59032469450,30.48201919450,Vegetable,650c9d4d7a9e
Asparagus,Food,Demoland,-44.46337413930,30.26368905810,Vegetable,d585f3c65211
Peas,Food,Demoland,-44.64366011770,30.57257430950,Vegetable,84c1987854d2
Radish,Food,Demoland,-44.64504861560,30.53840800300,Vegetable,eef8ba0e3384
Cauliflower,Food,Demoland,-44.45087353370,30.23952285400,Vegetable,31ac8e8a0bb8
Shark,Animal,Demoland,-44.61310573900,30.98590508910,Fish,2feef1500d88
Minnow,Animal,Demoland,-44.63199523370,30.83757226030,Fish,ee7872b682d3
Angelfish,Animal,Demoland,-44.53365949740,30.76035014990,Fish,1d266f088a7d
Goldfish,Animal,Demoland,-44.52199249790,30.81646116110,Fish,35de4001fab1
Catfish,Animal,Demoland,-44.46088008640,30.91729458280,Fish,53c33ab3dd09
Trout,Animal,Demoland,-44.53282528940,30.65618413020,Fish,fab77b968b4e
Piranha,Animal,Demoland,-44.41087785090,30.64729543370,Fish,b29ffeb2b520
Rainbowfish,Animal,Demoland,-44.45476857110,30.73646134880,Fish,5943bb94facb
Eel,Animal,Demoland,-44.48893497210,30.60618432250,Fish,c3fe9eb0e17f
Bass,Animal,Demoland,-44.33421033830,30.80007266600,Fish,b031fe1f4ea4
Ice Cream,Food,Demoland,-44.49226372040,29.87174988130,Dessert,f42ad12b7934
Cake,Food,Demoland,-44.75060031550,30.08702621200,Dessert,7f738416da8b
Pie,Food,Demoland,-44.58587475820,29.99674930150,Dessert,c79ac96496ce
Cookie,Food,Demoland,-44.58948596080,30.01786010550,Dessert,f45ddbab646b
Pudding,Food,Demoland,-44.71782399340,0.00000000000,Dessert,26be832159a7
Gelato,Food,Demoland,-44.58921134890,29.85008367300,Dessert,c94e02852770
Brownie,Food,Demoland,-44.56560033860,29.80730606570,Dessert,b75b7b2b97b2
Sorbet,Food,Demoland,-44.78310071920,29.99813909350,Dessert,2ea84e618064
Cheescake,Food,Demoland,-44.76365611780,30.06258220680,Dessert,00d729ebfc0d
Hamburger,Food,Demoland,-45.02366729830,30.06535839630,Dinner,aa36499a1246
Steak,Food,Demoland,-45.06727991430,30.10119110130,Dinner,a89b9ef1fe29
Lasanga,Food,Demoland,-45.23756337210,30.17369010790,Dinner,4155986c94b6
Pizza,Food,Demoland,-45.29978828690,30.11369099370,Dinner,b0c652f3bf58
Taco,Food,Demoland,-45.10005951890,30.02480318520,Dinner,7ec91d333b7f
Burrito,Food,Demoland,-45.28784268900,30.19285680940,Dinner,ab3f44ab5e1a
Sushi,Food,Demoland,-45.36034491380,30.22646771270,Dinner,1eff91358678
Ravioli,Food,Demoland,0.00000000000,0.00000000000,Dinner,d893a9d8c823
Spaghetti,Food,Demoland,-45.15728215480,30.27563363080,Dinner,09d07a39e795
Pad Thai,Food,Demoland,-45.36506701950,30.28396702350,Dinner,ce83e7a35358
Pie,Food,Demoland,-44.58587475820,29.99674930150,Dessert,c79ac96496ce
